{
    "accuracy": 0.21580262336039974,
    "top3_accuracy": 0.4612742036227358,
    "precision_weighted": 0.04657077224923055,
    "recall_weighted": 0.21580262336039974,
    "f1_weighted": 0.07660909979041162,
    "per_class_metrics": {
        "Tomato_Bacterial_spot": {
            "precision": 0.0,
            "recall": 0.0,
            "f1-score": 0.0,
            "support": 404.0
        },
        "Tomato_Early_blight": {
            "precision": 0.0,
            "recall": 0.0,
            "f1-score": 0.0,
            "support": 208.0
        },
        "Tomato_Late_blight": {
            "precision": 0.0,
            "recall": 0.0,
            "f1-score": 0.0,
            "support": 382.0
        },
        "Tomato_Leaf_Mold": {
            "precision": 0.0,
            "recall": 0.0,
            "f1-score": 0.0,
            "support": 189.0
        },
        "Tomato_Septoria_leaf_spot": {
            "precision": 0.0,
            "recall": 0.0,
            "f1-score": 0.0,
            "support": 334.0
        },
        "Tomato_Spider_mites_Two_spotted_spider_mite": {
            "precision": 0.0,
            "recall": 0.0,
            "f1-score": 0.0,
            "support": 318.0
        },
        "Tomato__Target_Spot": {
            "precision": 0.0,
            "recall": 0.0,
            "f1-score": 0.0,
            "support": 284.0
        },
        "Tomato__Tomato_YellowLeaf__Curl_Virus": {
            "precision": 0.21580262336039974,
            "recall": 1.0,
            "f1-score": 0.3549961469303879,
            "support": 691.0
        },
        "Tomato__Tomato_mosaic_virus": {
            "precision": 0.0,
            "recall": 0.0,
            "f1-score": 0.0,
            "support": 83.0
        },
        "Tomato_healthy": {
            "precision": 0.0,
            "recall": 0.0,
            "f1-score": 0.0,
            "support": 309.0
        },
        "accuracy": 0.21580262336039974,
        "macro avg": {
            "precision": 0.021580262336039973,
            "recall": 0.1,
            "f1-score": 0.03549961469303879,
            "support": 3202.0
        },
        "weighted avg": {
            "precision": 0.04657077224923055,
            "recall": 0.21580262336039974,
            "f1-score": 0.07660909979041162,
            "support": 3202.0
        }
    },
    "confusion_matrix": [
        [
            0,
            0,
            0,
            0,
            0,
            0,
            0,
            404,
            0,
            0
        ],
        [
            0,
            0,
            0,
            0,
            0,
            0,
            0,
            208,
            0,
            0
        ],
        [
            0,
            0,
            0,
            0,
            0,
            0,
            0,
            382,
            0,
            0
        ],
        [
            0,
            0,
            0,
            0,
            0,
            0,
            0,
            189,
            0,
            0
        ],
        [
            0,
            0,
            0,
            0,
            0,
            0,
            0,
            334,
            0,
            0
        ],
        [
            0,
            0,
            0,
            0,
            0,
            0,
            0,
            318,
            0,
            0
        ],
        [
            0,
            0,
            0,
            0,
            0,
            0,
            0,
            284,
            0,
            0
        ],
        [
            0,
            0,
            0,
            0,
            0,
            0,
            0,
            691,
            0,
            0
        ],
        [
            0,
            0,
            0,
            0,
            0,
            0,
            0,
            83,
            0,
            0
        ],
        [
            0,
            0,
            0,
            0,
            0,
            0,
            0,
            309,
            0,
            0
        ]
    ],
    "best_class": "Tomato__Tomato_YellowLeaf__Curl_Virus",
    "worst_class": "Tomato_Bacterial_spot",
    "total_test_samples": 3202
}